<?xml version="1.0" encoding="UTF-8"?>
<!DOCTYPE hibernate-configuration PUBLIC "-//Hibernate/Hibernate Configuration DTD 3.0//EN" "http://hibernate.sourceforge.net/hibernate-configuration-3.0.dtd">
<hibernate-configuration>
  <session-factory>
    <property name="hibernate.dialect">org.hibernate.dialect.MySQLDialect</property>
    <property name="hibernate.connection.driver_class">com.mysql.jdbc.Driver</property>
    <property name="hibernate.connection.url">jdbc:mysql://localhost:3306/jesus-validozafra?serverTimezone=Europe/Madrid</property>
    <property name="hibernate.connection.username">jesus</property>
    <property name="hibernate.connection.password">examen1</property>
    <mapping resource="dam/Cargo.hbm.xml"/>
    <mapping resource="dam/Empleado.hbm.xml"/>
    <mapping resource="dam/Usuario.hbm.xml"/>
  </session-factory>
</hibernate-configuration>
