<?xml version="1.0"?>
<!DOCTYPE hibernate-mapping PUBLIC "-//Hibernate/Hibernate Mapping DTD 3.0//EN"
"http://www.hibernate.org/dtd/hibernate-mapping-3.0.dtd">
<!-- Generated 25-nov-2020 13:36:47 by Hibernate Tools 3.6.0 -->
<hibernate-mapping>
    <class name="dam.Cargo" table="cargo" catalog="`jesus-validozafra`">
        <id name="idcargo" type="string">
            <column name="idcargo" length="3" />
            <generator class="assigned" />
        </id>
        <property name="nombre" type="string">
            <column name="nombre" length="20" not-null="true" />
        </property>
        <property name="sueldoMin" type="int">
            <column name="sueldo_min" not-null="true" />
        </property>
        <property name="sueldoMax" type="int">
            <column name="sueldo_max" not-null="true" />
        </property>
        <set name="empleados" table="empleado" inverse="true" lazy="true" fetch="select">
            <key>
                <column name="idcargo" length="3" />
            </key>
            <one-to-many class="dam.Empleado" />
        </set>
    </class>
</hibernate-mapping>
